TileMap_0,Terrain
TileMap_1,Terrain
TileMap_2,Terrain
TileMap_3,Terrain
TileMap_4,
TileMap_5,
TileMap_6,Structures
TileMap_7,Structures
TileMap_8,Structures
TileMap_9,Terrain
TileMap_10,Terrain
TileMap_11,Terrain
TileMap_12,Terrain
TileMap_13,Terrain
TileMap_14,Terrain
TileMap_15,Terrain
TileMap_16,
TileMap_17,
TileMap_18,
TileMap_19,
TileMap_20,
TileMap_21,
TileMap_22,
TileMap_23,
TileMap_24,
TileMap_25,
TileMap_26,
TileMap_27,
TileMap_28,
TileMap_29,
TileMap_30,
TileMap_31,
TileMap_32,
TileMap_33,
TileMap_34,